target,osda_code,osda_name,table,entry,si_al,x_al2o3,al_source,inorganic_cation,cation_oxide,r_oh,r_i,h2o_si,agitation,temperature_c,time_days,phase,note,source
STF,QHGWEBIGEQBZPY,"6-ethyl-1-methyl-5-azaspiro[4.5]decan-5-ium (qhgwebigeqbzpy-rwmbfglxna-n)",S18,1,15,0.0333,aluminium isopropoxide,none,,0.5,,10,static,175,15,amorphous,,"SI Table S18, entry 1"
STF,QHGWEBIGEQBZPY,"6-ethyl-1-methyl-5-azaspiro[4.5]decan-5-ium (qhgwebigeqbzpy-rwmbfglxna-n)",S18,1,15,0.0333,aluminium isopropoxide,none,,0.5,,10,static,175,30,amorphous,,"SI Table S18, entry 1"
STF,QHGWEBIGEQBZPY,"6-ethyl-1-methyl-5-azaspiro[4.5]decan-5-ium (qhgwebigeqbzpy-rwmbfglxna-n)",S18,2,inf,0,none (pure silica),none,,0.5,,10,static,175,17,amorphous,,"SI Table S18, entry 2"
STF,QHGWEBIGEQBZPY,"6-ethyl-1-methyl-5-azaspiro[4.5]decan-5-ium (qhgwebigeqbzpy-rwmbfglxna-n)",S18,2,inf,0,none (pure silica),none,,0.5,,10,static,175,36,amorphous,,"SI Table S18, entry 2"
STF,QHGWEBIGEQBZPY,"6-ethyl-1-methyl-5-azaspiro[4.5]decan-5-ium (qhgwebigeqbzpy-rwmbfglxna-n)",S18,3,10,0.05,aluminium isopropoxide,none,,0.5,,10,static,175,15,amorphous,,"SI Table S18, entry 3"
STF,QHGWEBIGEQBZPY,"6-ethyl-1-methyl-5-azaspiro[4.5]decan-5-ium (qhgwebigeqbzpy-rwmbfglxna-n)",S18,3,10,0.05,aluminium isopropoxide,none,,0.5,,10,static,175,29,amorphous,,"SI Table S18, entry 3"
STF,QHGWEBIGEQBZPY,"6-ethyl-1-methyl-5-azaspiro[4.5]decan-5-ium (qhgwebigeqbzpy-rwmbfglxna-n)",S18,4,10,0.05,aluminium isopropoxide,none,,0.5,,10,static,150,15,amorphous,,"SI Table S18, entry 4"
STF,QHGWEBIGEQBZPY,"6-ethyl-1-methyl-5-azaspiro[4.5]decan-5-ium (qhgwebigeqbzpy-rwmbfglxna-n)",S18,4,10,0.05,aluminium isopropoxide,none,,0.5,,10,static,150,32,amorphous,,"SI Table S18, entry 4"
STF,QHGWEBIGEQBZPY,"6-ethyl-1-methyl-5-azaspiro[4.5]decan-5-ium (qhgwebigeqbzpy-rwmbfglxna-n)",S18,5,10,0.05,Al(OH)3,none,,0.5,,10,static,150,15,amorphous,footnote a: Al(OH)3 used as the aluminium source,"SI Table S18, entry 5"
STF,QHGWEBIGEQBZPY,"6-ethyl-1-methyl-5-azaspiro[4.5]decan-5-ium (qhgwebigeqbzpy-rwmbfglxna-n)",S18,5,10,0.05,Al(OH)3,none,,0.5,,10,static,150,30,amorphous,footnote a: Al(OH)3 used as the aluminium source,"SI Table S18, entry 5"
STF,QHGWEBIGEQBZPY,"6-ethyl-1-methyl-5-azaspiro[4.5]decan-5-ium (qhgwebigeqbzpy-rwmbfglxna-n)",S18,6,10,0.05,aluminium isopropoxide,none,,0.5,,50,static,150,15,amorphous,footnote b: H2O/Si = 50,"SI Table S18, entry 6"
STF,QHGWEBIGEQBZPY,"6-ethyl-1-methyl-5-azaspiro[4.5]decan-5-ium (qhgwebigeqbzpy-rwmbfglxna-n)",S18,6,10,0.05,aluminium isopropoxide,none,,0.5,,50,static,150,30,amorphous,footnote b: H2O/Si = 50,"SI Table S18, entry 6"
STF,QHGWEBIGEQBZPY,"6-ethyl-1-methyl-5-azaspiro[4.5]decan-5-ium (qhgwebigeqbzpy-rwmbfglxna-n)",S18,7,10,0.05,aluminium isopropoxide,none,,0.5,,10,static,200,14,amorphous,,"SI Table S18, entry 7"
STF,QHGWEBIGEQBZPY,"6-ethyl-1-methyl-5-azaspiro[4.5]decan-5-ium (qhgwebigeqbzpy-rwmbfglxna-n)",S18,7,10,0.05,aluminium isopropoxide,none,,0.5,,10,static,200,28,amorphous,,"SI Table S18, entry 7"
STF,QHGWEBIGEQBZPY,"6-ethyl-1-methyl-5-azaspiro[4.5]decan-5-ium (qhgwebigeqbzpy-rwmbfglxna-n)",S18,8,35,0.0143,aluminium isopropoxide,none,,0.5,,10,static,200,18,amorphous,,"SI Table S18, entry 8"
STF,QHGWEBIGEQBZPY,"6-ethyl-1-methyl-5-azaspiro[4.5]decan-5-ium (qhgwebigeqbzpy-rwmbfglxna-n)",S18,8,35,0.0143,aluminium isopropoxide,none,,0.5,,10,static,200,50,amorphous,,"SI Table S18, entry 8"
IFR,QG001780m,"N-benzyl-N,N,2-trimethylpropan-2-aminium (qg001780m)",S20,1,15,0.0333,aluminium isopropoxide,none,,0.5,,10,static,175,15,amorphous,,"SI Table S20, entry 1"
IFR,QG001780m,"N-benzyl-N,N,2-trimethylpropan-2-aminium (qg001780m)",S20,1,15,0.0333,aluminium isopropoxide,none,,0.5,,10,static,175,29,amorphous,,"SI Table S20, entry 1"
IFR,QG001780m,"N-benzyl-N,N,2-trimethylpropan-2-aminium (qg001780m)",S20,2,15,0.0333,Al(OH)3,none,,0.5,,10,static,175,15,amorphous,footnote a: Al(OH)3 used as aluminium source,"SI Table S20, entry 2"
IFR,QG001780m,"N-benzyl-N,N,2-trimethylpropan-2-aminium (qg001780m)",S20,2,15,0.0333,Al(OH)3,none,,0.5,,10,static,175,30,amorphous,footnote a: Al(OH)3 used as aluminium source,"SI Table S20, entry 2"
IFR,QG001780m,"N-benzyl-N,N,2-trimethylpropan-2-aminium (qg001780m)",S20,3,50,0.01,aluminium isopropoxide,none,,0.5,,10,static,175,15,amorphous,,"SI Table S20, entry 3"
IFR,QG001780m,"N-benzyl-N,N,2-trimethylpropan-2-aminium (qg001780m)",S20,3,50,0.01,aluminium isopropoxide,none,,0.5,,10,static,175,30,amorphous,,"SI Table S20, entry 3"
IFR,QG001780m,"N-benzyl-N,N,2-trimethylpropan-2-aminium (qg001780m)",S20,4,50,0.01,aluminium isopropoxide,none,,0.5,,10,static,200,14,amorphous,,"SI Table S20, entry 4"
IFR,QG001780m,"N-benzyl-N,N,2-trimethylpropan-2-aminium (qg001780m)",S20,4,50,0.01,aluminium isopropoxide,none,,0.5,,10,static,200,40,amorphous,,"SI Table S20, entry 4"
IFR,QG001780m,"N-benzyl-N,N,2-trimethylpropan-2-aminium (qg001780m)",S20,5,inf,0,none (pure silica),none,,0.5,,10,static,175,28,amorphous,,"SI Table S20, entry 5"
IFR,QG001780m,"N-benzyl-N,N,2-trimethylpropan-2-aminium (qg001780m)",S20,5,inf,0,none (pure silica),none,,0.5,,10,static,175,42,amorphous,,"SI Table S20, entry 5"
IFR,QG001780m,"N-benzyl-N,N,2-trimethylpropan-2-aminium (qg001780m)",S20,6,10,0.05,aluminium isopropoxide,none,,1.0,,10,static,175,18,amorphous,footnote b: Si/OSDA(OH) = 1,"SI Table S20, entry 6"
IFR,QG001780m,"N-benzyl-N,N,2-trimethylpropan-2-aminium (qg001780m)",S20,6,10,0.05,aluminium isopropoxide,none,,1.0,,10,static,175,32,amorphous,footnote b: Si/OSDA(OH) = 1,"SI Table S20, entry 6"
IFR,QG001780m2,"N-benzyl-N,N-dimethylpropan-2-aminium (qg001780m2)",S21,1,10,0.05,aluminium metal,Na+,0.18,0.3,,43.3,rotation 60 rpm,150,14,ZSM-12 (MTW) + amorphous,SSZ-42-type conditions; first-named product is the major phase,"SI Table S21, row Si/Al 10, Na2O 0.18, 150 C"
IFR,QG001780m2,"N-benzyl-N,N-dimethylpropan-2-aminium (qg001780m2)",S21,2,10,0.05,aluminium metal,Na+,0.18,0.3,,43.3,rotation 60 rpm,165,14,MOR,SSZ-42-type conditions,"SI Table S21, row Si/Al 10, Na2O 0.18, 165 C"
IFR,QG001780m2,"N-benzyl-N,N-dimethylpropan-2-aminium (qg001780m2)",S21,3,20,0.025,aluminium metal,Na+,0.18,0.3,,43.3,rotation 60 rpm,150,14,MOR + amorphous,SSZ-42-type conditions,"SI Table S21, row Si/Al 20, Na2O 0.18, 150 C"
IFR,QG001780m2,"N-benzyl-N,N-dimethylpropan-2-aminium (qg001780m2)",S21,4,20,0.025,aluminium metal,Na+,0.18,0.3,,43.3,rotation 60 rpm,165,14,MOR + dense phase,SSZ-42-type conditions,"SI Table S21, row Si/Al 20, Na2O 0.18, 165 C"
IFR,QG001780m2,"N-benzyl-N,N-dimethylpropan-2-aminium (qg001780m2)",S21,5,10,0.05,aluminium metal,none,,0.66,,43.3,rotation 60 rpm,150,21,amorphous,SSZ-42-type conditions without sodium; footnote c: product obtained after 21 days,"SI Table S21, row Si/Al 10, no Na2O, 150 C"
IFR,QG001780m2,"N-benzyl-N,N-dimethylpropan-2-aminium (qg001780m2)",S21,6,10,0.05,aluminium metal,none,,0.66,,43.3,rotation 60 rpm,165,21,amorphous,SSZ-42-type conditions without sodium; footnote c: product obtained after 21 days,"SI Table S21, row Si/Al 10, no Na2O, 165 C"
IFR,QG001780m2,"N-benzyl-N,N-dimethylpropan-2-aminium (qg001780m2)",S21,7,20,0.025,aluminium metal,none,,0.66,,43.3,rotation 60 rpm,150,14,ZSM-12 (MTW) + amorphous,SSZ-42-type conditions without sodium,"SI Table S21, row Si/Al 20, no Na2O, 150 C"
IFR,QG001780m2,"N-benzyl-N,N-dimethylpropan-2-aminium (qg001780m2)",S21,8,20,0.025,aluminium metal,none,,0.66,,43.3,rotation 60 rpm,165,21,amorphous,SSZ-42-type conditions without sodium; footnote c: product obtained after 21 days,"SI Table S21, row Si/Al 20, no Na2O, 165 C"
IFR,QG001780m2,"N-benzyl-N,N-dimethylpropan-2-aminium (qg001780m2)",S22,1,10,0.05,aluminium sulfate octadecahydrate,K+,0.29,,0.2,40,rotation 60 rpm,175,14,amorphous,MCM-58-type conditions; OSDA added as iodide; footnote c: product obtained after 14 days,"SI Table S22, row Si/Al 10, K2O 0.29"
IFR,QG001780m2,"N-benzyl-N,N-dimethylpropan-2-aminium (qg001780m2)",S22,2,20,0.025,aluminium sulfate octadecahydrate,K+,0.29,,0.2,40,rotation 60 rpm,175,7,MOR + dense phase,MCM-58-type conditions; OSDA added as iodide,"SI Table S22, row Si/Al 20, K2O 0.29"
IFR,QG001780m2,"N-benzyl-N,N-dimethylpropan-2-aminium (qg001780m2)",S22,3,100,0.005,aluminium sulfate octadecahydrate,K+,0.29,,0.2,40,rotation 60 rpm,175,7,dense phase,MCM-58-type conditions; OSDA added as iodide,"SI Table S22, row Si/Al 100, K2O 0.29"
IFR,QG001780m2,"N-benzyl-N,N-dimethylpropan-2-aminium (qg001780m2)",S22,4,10,0.05,aluminium sulfate octadecahydrate,none,,0.56,,40,rotation 60 rpm,175,14,amorphous,MCM-58-type conditions without potassium; footnote c: product obtained after 14 days,"SI Table S22, row Si/Al 10, no K2O"
IFR,QG001780m2,"N-benzyl-N,N-dimethylpropan-2-aminium (qg001780m2)",S22,5,20,0.025,aluminium sulfate octadecahydrate,none,,0.56,,40,rotation 60 rpm,175,14,amorphous,MCM-58-type conditions without potassium; footnote c: product obtained after 14 days,"SI Table S22, row Si/Al 20, no K2O"
IFR,QG001780m2,"N-benzyl-N,N-dimethylpropan-2-aminium (qg001780m2)",S22,6,100,0.005,aluminium sulfate octadecahydrate,none,,0.56,,40,rotation 60 rpm,175,14,amorphous,MCM-58-type conditions without potassium; footnote c: product obtained after 14 days,"SI Table S22, row Si/Al 100, no K2O"
