analyte,treatment,measure,mass_recovered_pct,error_pct,source
PFOA,TvL + HBT,subsample (24 hours),82,1.7,"SI Table S2 (image on page S8), row TvL + HBT / Subsample (24 hours)"
PFOA,TvL + HBT,solution extract,90,1.2,"SI Table S2 (image on page S8), row TvL + HBT / Solution extract"
PFOA,TvL + HBT,reactor extract,10,0.6,"SI Table S2 (image on page S8), row TvL + HBT / Reactor extract"
PFOA,TvL + HBT,delta solution,13,6.1,"SI Table S2 (image on page S8), row TvL + HBT / Delta Solution"
PFOA,TvL,subsample (24 hours),92,1.8,"SI Table S2 (image on page S8), row TvL / Subsample (24 hours)"
PFOA,TvL,solution extract,98,1.3,"SI Table S2 (image on page S8), row TvL / Solution extract"
PFOA,TvL,reactor extract,2,0.1,"SI Table S2 (image on page S8), row TvL / Reactor extract"
PFOA,TvL,delta solution,4,2.6,"SI Table S2 (image on page S8), row TvL / Delta Solution"
PFOA,control,subsample (24 hours),87,3.6,"SI Table S2 (image on page S8), row Control / Subsample (24 hours)"
PFOA,control,solution extract,89,0.6,"SI Table S2 (image on page S8), row Control / Solution extract"
PFOA,control,reactor extract,11,1.2,"SI Table S2 (image on page S8), row Control / Reactor extract"
PFOA,control,delta solution,2,4.4,"SI Table S2 (image on page S8), row Control / Delta Solution"
PFOS,TvL + HBT,subsample (24 hours),66,3.5,"SI Table S3 (image on page S8), row TvL + HBT / Subsample (24 hours)"
PFOS,TvL + HBT,solution extract,86,3.3,"SI Table S3 (image on page S8), row TvL + HBT / Solution extract"
PFOS,TvL + HBT,reactor extract,14,1.6,"SI Table S3 (image on page S8), row TvL + HBT / Reactor extract"
PFOS,TvL + HBT,delta solution,20,4.5,"SI Table S3 (image on page S8), row TvL + HBT / Delta Solution"
PFOS,TvL,subsample (24 hours),65,3.1,"SI Table S3 (image on page S8), row TvL / Subsample (24 hours)"
PFOS,TvL,solution extract,88,2.5,"SI Table S3 (image on page S8), row TvL / Solution extract"
PFOS,TvL,reactor extract,12,0.4,"SI Table S3 (image on page S8), row TvL / Reactor extract"
PFOS,TvL,delta solution,19,4.0,"SI Table S3 (image on page S8), row TvL / Delta Solution"
PFOS,control,subsample (24 hours),73,16.5,"SI Table S3 (image on page S8), row Control / Subsample (24 hours)"
PFOS,control,solution extract,60,13.5,"SI Table S3 (image on page S8), row Control / Solution extract"
PFOS,control,reactor extract,40,12.1,"SI Table S3 (image on page S8), row Control / Reactor extract"
PFOS,control,delta solution,8,19.0,"SI Table S3 (image on page S8), row Control / Delta Solution"
