amine_borane,amine,code,temperature_c,result,source
none (control),none,control,18,inhibition (<5% product),"Table 1 (image), row 'None (Control)', column r.t. (18 °C)"
none (control),none,control,60,inhibition (<5% product),"Table 1 (image), row 'None (Control)', column 60 °C"
none (control),none,control,70,inhibition (<5% product),"Table 1 (image), row 'None (Control)', column 70 °C"
none (control),none,control,80,product formation observed,"Table 1 (image), row 'None (Control)', column 80 °C"
DABCO.(BH3)2,"1,4-diazabicyclo[2.2.2]octane (DABCO)",5a,18,inhibition (<5% product),"Table 1 (image), row 5a, column r.t. (18 °C)"
DABCO.(BH3)2,"1,4-diazabicyclo[2.2.2]octane (DABCO)",5a,60,inhibition (<5% product),"Table 1 (image), row 5a, column 60 °C"
DABCO.(BH3)2,"1,4-diazabicyclo[2.2.2]octane (DABCO)",5a,70,product formation observed,"Table 1 (image), row 5a, column 70 °C"
DABCO.(BH3)2,"1,4-diazabicyclo[2.2.2]octane (DABCO)",5a,80,product formation observed,"Table 1 (image), row 5a, column 80 °C"
PMDTA.(BH3)3,"N,N,N',N'',N''-pentamethyldiethylenetriamine (PMDTA)",5b,18,inhibition (<5% product),"Table 1 (image), row 5b, column r.t. (18 °C)"
PMDTA.(BH3)3,"N,N,N',N'',N''-pentamethyldiethylenetriamine (PMDTA)",5b,60,inhibition (<5% product),"Table 1 (image), row 5b, column 60 °C"
PMDTA.(BH3)3,"N,N,N',N'',N''-pentamethyldiethylenetriamine (PMDTA)",5b,70,product formation observed,"Table 1 (image), row 5b, column 70 °C"
PMDTA.(BH3)3,"N,N,N',N'',N''-pentamethyldiethylenetriamine (PMDTA)",5b,80,product formation observed,"Table 1 (image), row 5b, column 80 °C"
N-methylmorpholine.BH3,N-methylmorpholine,5c,18,product formation observed,"Table 1 (image), row 5c, column r.t. (18 °C)"
N-methylmorpholine.BH3,N-methylmorpholine,5c,60,product formation observed,"Table 1 (image), row 5c, column 60 °C"
N-methylmorpholine.BH3,N-methylmorpholine,5c,70,product formation observed,"Table 1 (image), row 5c, column 70 °C"
N-methylmorpholine.BH3,N-methylmorpholine,5c,80,product formation observed,"Table 1 (image), row 5c, column 80 °C"
DIPEA.BH3,"N,N-diisopropylethylamine (DIPEA)",5d,18,product formation observed,"Table 1 (image), row 5d, column r.t. (18 °C)"
DIPEA.BH3,"N,N-diisopropylethylamine (DIPEA)",5d,60,product formation observed,"Table 1 (image), row 5d, column 60 °C"
DIPEA.BH3,"N,N-diisopropylethylamine (DIPEA)",5d,70,product formation observed,"Table 1 (image), row 5d, column 70 °C"
DIPEA.BH3,"N,N-diisopropylethylamine (DIPEA)",5d,80,product formation observed,"Table 1 (image), row 5d, column 80 °C"
Et3N.BH3,triethylamine,Et3N,18,product formation observed,"Table 1 (image), row Et3N.BH3, column r.t. (18 °C)"
Et3N.BH3,triethylamine,Et3N,60,product formation observed,"Table 1 (image), row Et3N.BH3, column 60 °C"
Et3N.BH3,triethylamine,Et3N,70,product formation observed,"Table 1 (image), row Et3N.BH3, column 70 °C"
Et3N.BH3,triethylamine,Et3N,80,product formation observed,"Table 1 (image), row Et3N.BH3, column 80 °C"
Me3N.BH3,trimethylamine,Me3N,18,product formation observed,"Table 1 (image), row Me3N.BH3, column r.t. (18 °C)"
Me3N.BH3,trimethylamine,Me3N,60,product formation observed,"Table 1 (image), row Me3N.BH3, column 60 °C"
Me3N.BH3,trimethylamine,Me3N,70,product formation observed,"Table 1 (image), row Me3N.BH3, column 70 °C"
Me3N.BH3,trimethylamine,Me3N,80,product formation observed,"Table 1 (image), row Me3N.BH3, column 80 °C"
