si_ref,citation,source
9,"Shi Y.; Wang Y.; Huang Z.; Zhang F.; Shao Y. tBuOLi-Promoted Hydroboration of Esters and Epoxides. ACS Omega, 2022, 7, 18876-18886.",SI Section S6 reference 9
10,"Ton N. N. H.; Mai B. K.; Nguyen T. V. Tropylium-Promoted Hydroboration Reactions: Mechanistic Insights Via Experimental and Computational Studies. J. Org. Chem., 2021, 86, 9117-9133.",SI Section S6 reference 10
11,"Doan S. H.; Ton N. N. H.; Mai B. K.; Nguyen T. V. Organosuperbase-Catalyzed 1,1-Diboration of Alkynes. ACS Catal., 2022, 12, 12409-12418.",SI Section S6 reference 11
12,"Liu J.; Wu C.; Hu T.; Yang W.; Xie Y.; Shi Y.; Liu Q.; Shao Y.; Zhang F. Hexamethyldisilazane Lithium (LiHMDS)-Promoted Hydroboration of Alkynes and Alkenes with Pinacolborane. J. Org. Chem., 2022, 87, 3442-3452.",SI Section S6 reference 12
13,"Zou Y.; Zhang B.; Wang L.; Zhang H. Benzoic Acid-Promoted C2-H Borylation of Indoles with Pinacolborane. Org. Lett., 2021, 23, 2821-2825.",SI Section S6 reference 13
14,"Lewandowski D.; Hreczycho G. Cobalt Pincer-type Complexes Demonstrating Unique Selectivity for the Hydroboration Reaction of Olefins Under Mild Conditions. Inorg. Chem. Front., 2023, 10, 3656-3663.",SI Section S6 reference 14
15,"Kumar R.; Dutta S.; Sharma V.; Singh P. P.; Gonnade R. G.; Koley D.; Sen S. S. Monomeric Magnesium Catalyzed Alkene and Alkyne Hydroboration. Chem. Eur. J., 2022, 28, e202201896.",SI Section S6 reference 15
16,"Lee J.; Fan J.; Koh A.-P.; Joslyn Cheang W.-J.; Yang M.-C.; Su M.-D.; So C.-W. Amidinato Isopropylmethylamidosilylene-Catalyzed Hydroboration of Carbonyl Compounds. Eur. J. Inorg. Chem., 2022, 2022, e202200129.",SI Section S6 reference 16
17,"Kumar R.; Bisai M. K.; Jain S.; Vanka K.; Sen S. S. Deoxygenative Hydroboration of Primary and Secondary Amides: A Catalyst-free and Solvent-free Approach. Chem. Commun., 2021, 57, 10596-10599.",SI Section S6 reference 17
18,"Bisai M. K.; Gour K.; Das T.; Vanka K.; Sen S. S. Readily Available Lithium Compounds as Catalysts for the Hydroboration of Carbodiimides and Esters. J. Organomet. Chem., 2021, 949, 121924-121929.",SI Section S6 reference 18
19,"Huninik P.; Szyling J.; Czapik A.; Walkowiak J. Organocatalytic Hydroboration of Olefins in Pyrrolidinium Ionic Liquids. Green Chem., 2023, 25, 3715-3722.",SI Section S6 reference 19
20,"Yan B.; Ma X.; Pang Z.; Yang Z. NaHBEt3-catalyzed HBpin Hydroboration and Deoxygenation of Primary, Secondary, and Tertiary Amides. New J. Chem., 2023, 47, 3202-3206.",SI Section S6 reference 20
21,"Bisai M. K.; Gour K.; Das T.; Vanka K.; Sen S. S. Lithium Compound Catalyzed Deoxygenative Hydroboration of Primary, Secondary and Tertiary Amides. Dalton Trans., 2021, 50, 2354-2358.",SI Section S6 reference 21
22,"Liu L.; Lo S.-K.; Smith C.; Goicoechea J. M. Pincer-Supported Gallium Complexes for the Catalytic Hydroboration of Aldehydes, Ketones and Carbon Dioxide. Chem. Eur. J., 2021, 27, 17379-17385.",SI Section S6 reference 22
23,"Shlian D. G.; Amemiya E.; Parkin G. Synthesis of Bis(2-pyridylthio)methyl Zinc Hydride and Catalytic Hydrosilylation and Hydroboration of CO2. Chem. Commun., 2022, 58, 4188-4191.",SI Section S6 reference 23
24,"Lunic D.; Sanosa N.; Funes-Ardoiz I.; Teskey C. J. Mild and Chemoselective Carboxylic Acid Reduction Promoted by Borane Catalysis. Angew. Chem. Int. Ed., 2022, 61, e202207647.",SI Section S6 reference 24
25,"Garhwal S.; Kroeger A. A.; Thenarukandiyil R.; Fridman N.; Karton A.; de Ruiter G. Manganese-Catalyzed Hydroboration of Terminal Olefins and Metal-Dependent Selectivity in Internal Olefin Isomerization-Hydroboration. Inorg. Chem., 2021, 60, 494-504.",SI Section S6 reference 25
26,"Chia C.-C.; Teo Y.-C.; Cham N.; Ho S. Y.-F.; Ng Z.-H.; Toh H.-M.; Mezailles N.; So C.-W. Aluminum-Hydride-Catalyzed Hydroboration of Carbon Dioxide. Inorg. Chem., 2021, 60, 4569-4577.",SI Section S6 reference 26
27,"Sokolnicki T.; Alharbi M. M.; van Ingen Y.; Rahim S.; Pramanik M.; Roldan A.; Walkowiak J.; Melen R. L. Reactivity of a Series of Triaryl Borates, B(OArx)3, in Hydroboration Catalysis. Dalton Trans., 2023, 52, 16118-16122.",SI Section S6 reference 27
