figure,trial_id,modality,arm,stimulus,site,laterality,mouse,imaging_minutes,isoflurane_percent,data_id,session_date,expected_region,observed,source
2B,tactile-rhl,tactile,stimulus,vibrating motor 2 s on / 4 s off x 50,right hindlimb,contralateral,mouse-A,5,1.25,2024-02-29/Zyla_5min_RHLstim_2son4soff_1pt25pctISO_1,2024-02-29,left S1 hindlimb area,localized autofluorescence increase in left somatosensory area,Figure 2B
2C,tactile-lhl,tactile,stimulus,vibrating motor 2 s on / 4 s off x 50,left hindlimb,contralateral,mouse-A,5,1.25,2024-02-29/Zyla_5min_LHLstim_2son4soff_1pt25pctISO_2,2024-02-29,right S1 hindlimb area,localized autofluorescence increase in right somatosensory area,Figure 2C
2D,tactile-rfl,tactile,stimulus,vibrating motor 2 s on / 4 s off x 50,right forelimb,contralateral,mouse-B,5,1.25,2024-02-21/Zyla_5min_RFLstim_2son4soff_1pt25pctISO_deeper_2,2024-02-21,left S1 forelimb area,localized autofluorescence increase in left somatosensory area slightly lateral to hindlimb area,Figure 2D
3B,capsaicin-lhl-vehicle,capsaicin,vehicle,carrier solution 10 uL intradermal,left hindlimb,,mouse-C,15,1.25,2024-03-18/Zyla_15min_LHL_carrierinj_1pt25pctISO_1,2024-03-18,,no widespread activation,Figure 3B
3B,capsaicin-lhl-drug,capsaicin,drug,capsaicin 40 ug in 10 uL intradermal,left hindlimb,,mouse-C,30,1.25,2024-03-18/Zyla_30min_LHL_capsacirinj_1pt25pctISO_1,2024-03-18,,widespread high-intensity oscillatory cortical activation for ~10 min,Figure 3B
3C,capsaicin-rhl-vehicle,capsaicin,vehicle,carrier solution 10 uL intradermal,left hindlimb,,mouse-D,15,1.5,2024-03-19/Zyla_15min_LHL_carrierinj_1pt5pctISO_1_1,2024-03-19,,no widespread activation,Figure 3C
3C,capsaicin-rhl-drug,capsaicin,drug,capsaicin 40 ug in 10 uL intradermal,right hindlimb,,mouse-D,30,1.5,2024-03-19/Zyla_30min_RHL_40ugin10uL_1pt5pctISO_1_1,2024-03-19,,widespread oscillatory cortical activation less intense than the previously vehicle-injected limb,Figure 3C
3D,capsaicin-nape-vehicle,capsaicin,vehicle,carrier solution 10 uL intradermal,nape of neck,,mouse-D,15,1.25,2024-03-18/Zyla_15min_nape_carrierinj_1pt25pctISO_1,2024-03-18,,no widespread activation,Figure 3D
3D,capsaicin-nape-drug,capsaicin,drug,capsaicin 40 ug in 10 uL intradermal,nape of neck,,mouse-D,30,1.25,2024-03-18/Zyla_30min_nape_40ugin10uLcapsacininj_1pt25pctISO_1,2024-03-18,,brief oscillatory activation confined to the somatosensory area of one hemisphere,Figure 3D
4B,histamine-lhl-vehicle,histamine,vehicle,PBS 50 uL intradermal,left hindlimb,,mouse-A,15,,2024-02-29/Zyla_15min_LHL_salineinj_withpushbutton_1,2024-02-29,,widespread bilateral autofluorescence above baseline,Figure 4B
4B,histamine-lhl-drug,histamine,drug,histamine dihydrochloride 27 mM in 50 uL PBS intradermal,left hindlimb,,mouse-A,30,,2024-02-29/Zyla_30min_LHL_50uL27MMHistinj_withpushbutton_1,2024-02-29,,widespread bilateral autofluorescence above baseline; magnitude similar to saline; not localized; inconsistent between trials,Figure 4B
4C,histamine-rhl-vehicle,histamine,vehicle,PBS 50 uL intradermal,right hindlimb,,mouse-A,15,,2024-02-29/Zyla_15min_RHL_salineinj_withpushbutton_1,2024-02-29,,widespread bilateral autofluorescence above baseline,Figure 4C
4C,histamine-rhl-drug,histamine,drug,histamine dihydrochloride 27 mM in 50 uL PBS intradermal,right hindlimb,,mouse-A,30,,2024-02-29/Zyla_30min_RHL_50uL27MMHistinj_withpushbutton_1,2024-02-29,,widespread bilateral autofluorescence above baseline; magnitude similar to saline; not localized; inconsistent between trials,Figure 4C
